{
  "n_items": 324,
  "n_violated": 216,
  "n_holds": 108,
  "depths": [
    1,
    2,
    3,
    4,
    5,
    6,
    8,
    10,
    12
  ],
  "methods": {
    "verification": {
      "label": "SMT verification",
      "n_covered_violated": 216,
      "detection": {
        "x": 216,
        "n": 216,
        "rate": 1.0,
        "ci": [
          0.9825262312154358,
          1.0
        ]
      },
      "false_alarm": {
        "x": 0,
        "n": 108,
        "rate": 0.0,
        "ci": [
          0.0,
          0.03434735974655703
        ]
      },
      "abstentions": 0,
      "unsound_errors": 0,
      "witness_validity": {
        "valid": 216,
        "claims": 216,
        "rate": 1.0
      },
      "by_depth": {
        "1": {
          "detected": 24,
          "n": 24,
          "rate": 1.0,
          "ci": [
            0.8620237953250198,
            1.0
          ]
        },
        "2": {
          "detected": 24,
          "n": 24,
          "rate": 1.0,
          "ci": [
            0.8620237953250198,
            1.0
          ]
        },
        "3": {
          "detected": 24,
          "n": 24,
          "rate": 1.0,
          "ci": [
            0.8620237953250198,
            1.0
          ]
        },
        "4": {
          "detected": 24,
          "n": 24,
          "rate": 1.0,
          "ci": [
            0.8620237953250198,
            1.0
          ]
        },
        "5": {
          "detected": 24,
          "n": 24,
          "rate": 1.0,
          "ci": [
            0.8620237953250198,
            1.0
          ]
        },
        "6": {
          "detected": 24,
          "n": 24,
          "rate": 1.0,
          "ci": [
            0.8620237953250198,
            1.0
          ]
        },
        "8": {
          "detected": 24,
          "n": 24,
          "rate": 1.0,
          "ci": [
            0.8620237953250198,
            1.0
          ]
        },
        "10": {
          "detected": 24,
          "n": 24,
          "rate": 1.0,
          "ci": [
            0.8620237953250198,
            1.0
          ]
        },
        "12": {
          "detected": 24,
          "n": 24,
          "rate": 1.0,
          "ci": [
            0.8620237953250198,
            1.0
          ]
        }
      },
      "depth_logistic_slope": null,
      "mean_seconds": 0.005701851851851852
    },
    "unit_test": {
      "label": "unit-test suite",
      "n_covered_violated": 216,
      "detection": {
        "x": 184,
        "n": 216,
        "rate": 0.8518518518518519,
        "ci": [
          0.798343411002721,
          0.8930639368896227
        ]
      },
      "false_alarm": {
        "x": 0,
        "n": 108,
        "rate": 0.0,
        "ci": [
          0.0,
          0.03434735974655703
        ]
      },
      "abstentions": 0,
      "unsound_errors": 32,
      "witness_validity": {
        "valid": 184,
        "claims": 184,
        "rate": 1.0
      },
      "by_depth": {
        "1": {
          "detected": 24,
          "n": 24,
          "rate": 1.0,
          "ci": [
            0.8620237953250198,
            1.0
          ]
        },
        "2": {
          "detected": 24,
          "n": 24,
          "rate": 1.0,
          "ci": [
            0.8620237953250198,
            1.0
          ]
        },
        "3": {
          "detected": 24,
          "n": 24,
          "rate": 1.0,
          "ci": [
            0.8620237953250198,
            1.0
          ]
        },
        "4": {
          "detected": 24,
          "n": 24,
          "rate": 1.0,
          "ci": [
            0.8620237953250198,
            1.0
          ]
        },
        "5": {
          "detected": 24,
          "n": 24,
          "rate": 1.0,
          "ci": [
            0.8620237953250198,
            1.0
          ]
        },
        "6": {
          "detected": 24,
          "n": 24,
          "rate": 1.0,
          "ci": [
            0.8620237953250198,
            1.0
          ]
        },
        "8": {
          "detected": 21,
          "n": 24,
          "rate": 0.875,
          "ci": [
            0.6899611872949993,
            0.9565566591987655
          ]
        },
        "10": {
          "detected": 14,
          "n": 24,
          "rate": 0.5833333333333334,
          "ci": [
            0.3883466586522876,
            0.7553239739018824
          ]
        },
        "12": {
          "detected": 5,
          "n": 24,
          "rate": 0.20833333333333334,
          "ci": [
            0.09244825352851857,
            0.40470453253188665
          ]
        }
      },
      "depth_logistic_slope": {
        "slope": -0.9443726330734986,
        "ci": [
          -1.2732431499223702,
          -0.615502116224627
        ]
      },
      "mean_seconds": 0.005744907407407407
    },
    "llm_judge": {
      "label": "language-model judge",
      "n_covered_violated": 216,
      "detection": {
        "x": 216,
        "n": 216,
        "rate": 1.0,
        "ci": [
          0.9825262312154358,
          1.0
        ]
      },
      "false_alarm": {
        "x": 0,
        "n": 108,
        "rate": 0.0,
        "ci": [
          0.0,
          0.03434735974655703
        ]
      },
      "abstentions": 0,
      "unsound_errors": 0,
      "witness_validity": {
        "valid": 216,
        "claims": 216,
        "rate": 1.0
      },
      "by_depth": {
        "1": {
          "detected": 24,
          "n": 24,
          "rate": 1.0,
          "ci": [
            0.8620237953250198,
            1.0
          ]
        },
        "2": {
          "detected": 24,
          "n": 24,
          "rate": 1.0,
          "ci": [
            0.8620237953250198,
            1.0
          ]
        },
        "3": {
          "detected": 24,
          "n": 24,
          "rate": 1.0,
          "ci": [
            0.8620237953250198,
            1.0
          ]
        },
        "4": {
          "detected": 24,
          "n": 24,
          "rate": 1.0,
          "ci": [
            0.8620237953250198,
            1.0
          ]
        },
        "5": {
          "detected": 24,
          "n": 24,
          "rate": 1.0,
          "ci": [
            0.8620237953250198,
            1.0
          ]
        },
        "6": {
          "detected": 24,
          "n": 24,
          "rate": 1.0,
          "ci": [
            0.8620237953250198,
            1.0
          ]
        },
        "8": {
          "detected": 24,
          "n": 24,
          "rate": 1.0,
          "ci": [
            0.8620237953250198,
            1.0
          ]
        },
        "10": {
          "detected": 24,
          "n": 24,
          "rate": 1.0,
          "ci": [
            0.8620237953250198,
            1.0
          ]
        },
        "12": {
          "detected": 24,
          "n": 24,
          "rate": 1.0,
          "ci": [
            0.8620237953250198,
            1.0
          ]
        }
      },
      "depth_logistic_slope": null,
      "mean_seconds": NaN
    },
    "nemo_guardrails": {
      "label": "NeMo Guardrails",
      "status": "not_run",
      "reason": "ModuleNotFoundError: No module named 'nemoguardrails'",
      "command": "python baselines/run_nemo_guardrails.py --config baselines/nemo_config"
    },
    "llama_guard": {
      "label": "Llama Guard",
      "status": "not_run",
      "reason": "RuntimeError: no Hugging Face token in HF_TOKEN/HUGGINGFACE_TOKEN",
      "command": "HF_TOKEN=... python baselines/run_llama_guard.py --model meta-llama/Llama-Guard-4-12B"
    }
  },
  "mcnemar_verif_vs_unittest": {
    "b": 32,
    "c": 0,
    "p_value": 4.656612873077393e-10
  }
}
