{
  "n_items": 56,
  "n_violated": 40,
  "n_holds": 16,
  "depths": [
    8,
    16,
    32,
    48,
    64
  ],
  "methods": {
    "verification": {
      "label": "complete verification",
      "n_covered_violated": 40,
      "detection": {
        "x": 29,
        "n": 40,
        "rate": 0.725,
        "ci": [
          0.5716504419378943,
          0.8389198375233267
        ]
      },
      "false_alarm": {
        "x": 0,
        "n": 16,
        "rate": 0.0,
        "ci": [
          0.0,
          0.1936076805344365
        ]
      },
      "abstentions": 25,
      "unsound_errors": 0,
      "witness_validity": {
        "valid": 29,
        "claims": 29,
        "rate": 1.0
      },
      "by_depth": {
        "8": {
          "detected": 8,
          "n": 8,
          "rate": 1.0,
          "ci": [
            0.6755924351161198,
            1.0
          ]
        },
        "16": {
          "detected": 8,
          "n": 8,
          "rate": 1.0,
          "ci": [
            0.6755924351161198,
            1.0
          ]
        },
        "32": {
          "detected": 8,
          "n": 8,
          "rate": 1.0,
          "ci": [
            0.6755924351161198,
            1.0
          ]
        },
        "48": {
          "detected": 5,
          "n": 8,
          "rate": 0.625,
          "ci": [
            0.3057423946026273,
            0.8631557141764027
          ]
        },
        "64": {
          "detected": 0,
          "n": 8,
          "rate": 0.0,
          "ci": [
            0.0,
            0.32440756488388023
          ]
        }
      },
      "depth_logistic_slope": {
        "slope": -1.4054667552285995,
        "ci": [
          -392.7101893513115,
          389.8992558408543
        ]
      },
      "mean_seconds": 6.18399
    },
    "unit_test": {
      "label": "unit-test suite",
      "n_covered_violated": 40,
      "detection": {
        "x": 40,
        "n": 40,
        "rate": 1.0,
        "ci": [
          0.9123783988027135,
          1.0
        ]
      },
      "false_alarm": {
        "x": 0,
        "n": 16,
        "rate": 0.0,
        "ci": [
          0.0,
          0.1936076805344365
        ]
      },
      "abstentions": 0,
      "unsound_errors": 0,
      "witness_validity": {
        "valid": 40,
        "claims": 40,
        "rate": 1.0
      },
      "by_depth": {
        "8": {
          "detected": 8,
          "n": 8,
          "rate": 1.0,
          "ci": [
            0.6755924351161198,
            1.0
          ]
        },
        "16": {
          "detected": 8,
          "n": 8,
          "rate": 1.0,
          "ci": [
            0.6755924351161198,
            1.0
          ]
        },
        "32": {
          "detected": 8,
          "n": 8,
          "rate": 1.0,
          "ci": [
            0.6755924351161198,
            1.0
          ]
        },
        "48": {
          "detected": 8,
          "n": 8,
          "rate": 1.0,
          "ci": [
            0.6755924351161198,
            1.0
          ]
        },
        "64": {
          "detected": 8,
          "n": 8,
          "rate": 1.0,
          "ci": [
            0.6755924351161198,
            1.0
          ]
        }
      },
      "depth_logistic_slope": null,
      "mean_seconds": 0.00249
    },
    "llm_judge": {
      "label": "language-model judge",
      "n_covered_violated": 40,
      "detection": {
        "x": 40,
        "n": 40,
        "rate": 1.0,
        "ci": [
          0.9123783988027135,
          1.0
        ]
      },
      "false_alarm": {
        "x": 0,
        "n": 16,
        "rate": 0.0,
        "ci": [
          0.0,
          0.1936076805344365
        ]
      },
      "abstentions": 0,
      "unsound_errors": 0,
      "witness_validity": {
        "valid": 40,
        "claims": 40,
        "rate": 1.0
      },
      "by_depth": {
        "8": {
          "detected": 8,
          "n": 8,
          "rate": 1.0,
          "ci": [
            0.6755924351161198,
            1.0
          ]
        },
        "16": {
          "detected": 8,
          "n": 8,
          "rate": 1.0,
          "ci": [
            0.6755924351161198,
            1.0
          ]
        },
        "32": {
          "detected": 8,
          "n": 8,
          "rate": 1.0,
          "ci": [
            0.6755924351161198,
            1.0
          ]
        },
        "48": {
          "detected": 8,
          "n": 8,
          "rate": 1.0,
          "ci": [
            0.6755924351161198,
            1.0
          ]
        },
        "64": {
          "detected": 8,
          "n": 8,
          "rate": 1.0,
          "ci": [
            0.6755924351161198,
            1.0
          ]
        }
      },
      "depth_logistic_slope": null,
      "mean_seconds": NaN
    }
  }
}
