{
  "n_items": 60,
  "n_violated": 48,
  "n_holds": 12,
  "depths": [
    2,
    4,
    6,
    8,
    10,
    12
  ],
  "methods": {
    "verification": {
      "label": "complete verification",
      "n_covered_violated": 48,
      "detection": {
        "x": 48,
        "n": 48,
        "rate": 1.0,
        "ci": [
          0.9258998703338824,
          0.9999999999999999
        ]
      },
      "false_alarm": {
        "x": 0,
        "n": 12,
        "rate": 0.0,
        "ci": [
          2.7755575615628914e-17,
          0.24249400665524085
        ]
      },
      "abstentions": 0,
      "unsound_errors": 0,
      "witness_validity": {
        "valid": 48,
        "claims": 48,
        "rate": 1.0
      },
      "by_depth": {
        "2": {
          "detected": 8,
          "n": 8,
          "rate": 1.0,
          "ci": [
            0.6755924351161198,
            1.0
          ]
        },
        "4": {
          "detected": 8,
          "n": 8,
          "rate": 1.0,
          "ci": [
            0.6755924351161198,
            1.0
          ]
        },
        "6": {
          "detected": 8,
          "n": 8,
          "rate": 1.0,
          "ci": [
            0.6755924351161198,
            1.0
          ]
        },
        "8": {
          "detected": 8,
          "n": 8,
          "rate": 1.0,
          "ci": [
            0.6755924351161198,
            1.0
          ]
        },
        "10": {
          "detected": 8,
          "n": 8,
          "rate": 1.0,
          "ci": [
            0.6755924351161198,
            1.0
          ]
        },
        "12": {
          "detected": 8,
          "n": 8,
          "rate": 1.0,
          "ci": [
            0.6755924351161198,
            1.0
          ]
        }
      },
      "depth_logistic_slope": null,
      "mean_seconds": 0.06744166666666666
    },
    "unit_test": {
      "label": "unit-test suite",
      "n_covered_violated": 48,
      "detection": {
        "x": 14,
        "n": 48,
        "rate": 0.2916666666666667,
        "ci": [
          0.18241578926516536,
          0.431792598095717
        ]
      },
      "false_alarm": {
        "x": 0,
        "n": 12,
        "rate": 0.0,
        "ci": [
          2.7755575615628914e-17,
          0.24249400665524085
        ]
      },
      "abstentions": 0,
      "unsound_errors": 34,
      "witness_validity": {
        "valid": 14,
        "claims": 14,
        "rate": 1.0
      },
      "by_depth": {
        "2": {
          "detected": 8,
          "n": 8,
          "rate": 1.0,
          "ci": [
            0.6755924351161198,
            1.0
          ]
        },
        "4": {
          "detected": 6,
          "n": 8,
          "rate": 0.75,
          "ci": [
            0.40927543031016883,
            0.9285207872478909
          ]
        },
        "6": {
          "detected": 0,
          "n": 8,
          "rate": 0.0,
          "ci": [
            0.0,
            0.32440756488388023
          ]
        },
        "8": {
          "detected": 0,
          "n": 8,
          "rate": 0.0,
          "ci": [
            0.0,
            0.32440756488388023
          ]
        },
        "10": {
          "detected": 0,
          "n": 8,
          "rate": 0.0,
          "ci": [
            0.0,
            0.32440756488388023
          ]
        },
        "12": {
          "detected": 0,
          "n": 8,
          "rate": 0.0,
          "ci": [
            0.0,
            0.32440756488388023
          ]
        }
      },
      "depth_logistic_slope": {
        "slope": -10.956420957731227,
        "ci": [
          -1978.8076135424046,
          1956.894771626942
        ]
      },
      "mean_seconds": 0.06779583333333333
    },
    "llm_judge": {
      "label": "language-model judge",
      "n_covered_violated": 48,
      "detection": {
        "x": 48,
        "n": 48,
        "rate": 1.0,
        "ci": [
          0.9258998703338824,
          0.9999999999999999
        ]
      },
      "false_alarm": {
        "x": 0,
        "n": 12,
        "rate": 0.0,
        "ci": [
          2.7755575615628914e-17,
          0.24249400665524085
        ]
      },
      "abstentions": 0,
      "unsound_errors": 0,
      "witness_validity": {
        "valid": 48,
        "claims": 48,
        "rate": 1.0
      },
      "by_depth": {
        "2": {
          "detected": 8,
          "n": 8,
          "rate": 1.0,
          "ci": [
            0.6755924351161198,
            1.0
          ]
        },
        "4": {
          "detected": 8,
          "n": 8,
          "rate": 1.0,
          "ci": [
            0.6755924351161198,
            1.0
          ]
        },
        "6": {
          "detected": 8,
          "n": 8,
          "rate": 1.0,
          "ci": [
            0.6755924351161198,
            1.0
          ]
        },
        "8": {
          "detected": 8,
          "n": 8,
          "rate": 1.0,
          "ci": [
            0.6755924351161198,
            1.0
          ]
        },
        "10": {
          "detected": 8,
          "n": 8,
          "rate": 1.0,
          "ci": [
            0.6755924351161198,
            1.0
          ]
        },
        "12": {
          "detected": 8,
          "n": 8,
          "rate": 1.0,
          "ci": [
            0.6755924351161198,
            1.0
          ]
        }
      },
      "depth_logistic_slope": null,
      "mean_seconds": NaN
    }
  }
}
