{
  "n_items": 60,
  "n_violated": 48,
  "n_holds": 12,
  "depths": [
    2,
    4,
    6,
    8,
    10,
    12
  ],
  "methods": {
    "verification": {
      "label": "SMT verification",
      "n_covered_violated": 48,
      "detection": {
        "x": 48,
        "n": 48,
        "rate": 1.0,
        "ci": [
          0.9258998703338824,
          0.9999999999999999
        ]
      },
      "false_alarm": {
        "x": 0,
        "n": 12,
        "rate": 0.0,
        "ci": [
          2.7755575615628914e-17,
          0.24249400665524085
        ]
      },
      "abstentions": 0,
      "unsound_errors": 0,
      "witness_validity": {
        "valid": 48,
        "claims": 48,
        "rate": 1.0
      },
      "by_depth": {
        "2": {
          "detected": 8,
          "n": 8,
          "rate": 1.0,
          "ci": [
            0.6755924351161198,
            1.0
          ]
        },
        "4": {
          "detected": 8,
          "n": 8,
          "rate": 1.0,
          "ci": [
            0.6755924351161198,
            1.0
          ]
        },
        "6": {
          "detected": 8,
          "n": 8,
          "rate": 1.0,
          "ci": [
            0.6755924351161198,
            1.0
          ]
        },
        "8": {
          "detected": 8,
          "n": 8,
          "rate": 1.0,
          "ci": [
            0.6755924351161198,
            1.0
          ]
        },
        "10": {
          "detected": 8,
          "n": 8,
          "rate": 1.0,
          "ci": [
            0.6755924351161198,
            1.0
          ]
        },
        "12": {
          "detected": 8,
          "n": 8,
          "rate": 1.0,
          "ci": [
            0.6755924351161198,
            1.0
          ]
        }
      },
      "depth_logistic_slope": null,
      "mean_seconds": 0.06744166666666666
    },
    "unit_test": {
      "label": "unit-test suite",
      "n_covered_violated": 48,
      "detection": {
        "x": 12,
        "n": 48,
        "rate": 0.25,
        "ci": [
          0.1492063367379791,
          0.3878437280950796
        ]
      },
      "false_alarm": {
        "x": 0,
        "n": 12,
        "rate": 0.0,
        "ci": [
          2.7755575615628914e-17,
          0.24249400665524085
        ]
      },
      "abstentions": 0,
      "unsound_errors": 36,
      "witness_validity": {
        "valid": 12,
        "claims": 12,
        "rate": 1.0
      },
      "by_depth": {
        "2": {
          "detected": 8,
          "n": 8,
          "rate": 1.0,
          "ci": [
            0.6755924351161198,
            1.0
          ]
        },
        "4": {
          "detected": 4,
          "n": 8,
          "rate": 0.5,
          "ci": [
            0.21521606221387757,
            0.7847839377861224
          ]
        },
        "6": {
          "detected": 0,
          "n": 8,
          "rate": 0.0,
          "ci": [
            0.0,
            0.32440756488388023
          ]
        },
        "8": {
          "detected": 0,
          "n": 8,
          "rate": 0.0,
          "ci": [
            0.0,
            0.32440756488388023
          ]
        },
        "10": {
          "detected": 0,
          "n": 8,
          "rate": 0.0,
          "ci": [
            0.0,
            0.32440756488388023
          ]
        },
        "12": {
          "detected": 0,
          "n": 8,
          "rate": 0.0,
          "ci": [
            0.0,
            0.32440756488388023
          ]
        }
      },
      "depth_logistic_slope": {
        "slope": -10.707745819225357,
        "ci": [
          -1978.5589125932859,
          1957.143420954835
        ]
      },
      "mean_seconds": 0.05908333333333333
    },
    "llm_judge": {
      "label": "language-model judge",
      "n_covered_violated": 48,
      "detection": {
        "x": 48,
        "n": 48,
        "rate": 1.0,
        "ci": [
          0.9258998703338824,
          0.9999999999999999
        ]
      },
      "false_alarm": {
        "x": 0,
        "n": 12,
        "rate": 0.0,
        "ci": [
          2.7755575615628914e-17,
          0.24249400665524085
        ]
      },
      "abstentions": 0,
      "unsound_errors": 0,
      "witness_validity": {
        "valid": 48,
        "claims": 48,
        "rate": 1.0
      },
      "by_depth": {
        "2": {
          "detected": 8,
          "n": 8,
          "rate": 1.0,
          "ci": [
            0.6755924351161198,
            1.0
          ]
        },
        "4": {
          "detected": 8,
          "n": 8,
          "rate": 1.0,
          "ci": [
            0.6755924351161198,
            1.0
          ]
        },
        "6": {
          "detected": 8,
          "n": 8,
          "rate": 1.0,
          "ci": [
            0.6755924351161198,
            1.0
          ]
        },
        "8": {
          "detected": 8,
          "n": 8,
          "rate": 1.0,
          "ci": [
            0.6755924351161198,
            1.0
          ]
        },
        "10": {
          "detected": 8,
          "n": 8,
          "rate": 1.0,
          "ci": [
            0.6755924351161198,
            1.0
          ]
        },
        "12": {
          "detected": 8,
          "n": 8,
          "rate": 1.0,
          "ci": [
            0.6755924351161198,
            1.0
          ]
        }
      },
      "depth_logistic_slope": null,
      "mean_seconds": NaN
    }
  },
  "mcnemar_verif_vs_unittest": {
    "b": 36,
    "c": 0,
    "p_value": 2.9103830456733704e-11
  }
}
